NAME,B25064_001E,B25070_010E,state,county,year
"Merced County, California",832,9081,06,047,2012
"Mariposa County, California",797,330,06,043,2012
"Yuba County, California",870,2119,06,115,2012
"Contra Costa County, California",1340,33316,06,013,2012
"Lassen County, California",873,1036,06,035,2012
"Stanislaus County, California",978,20636,06,099,2012
"Sonoma County, California",1243,19357,06,097,2012
"Tehama County, California",824,1846,06,103,2012
"Mono County, California",1146,531,06,051,2012
"San Benito County, California",1266,1729,06,069,2012
"Sacramento County, California",1019,59896,06,067,2012
"El Dorado County, California",1109,4225,06,017,2012
"Monterey County, California",1183,14816,06,053,2012
"Sierra County, California",1026,97,06,091,2012
"Butte County, California",885,10517,06,007,2012
"Plumas County, California",844,505,06,063,2012
"San Luis Obispo County, California",1197,12474,06,079,2012
"Kern County, California",869,28578,06,029,2012
"Ventura County, California",1447,25042,06,111,2012
"Calaveras County, California",1043,888,06,009,2012
"San Mateo County, California",1541,23580,06,081,2012
"Tuolumne County, California",922,1733,06,109,2012
"Amador County, California",1039,841,06,005,2012
"Orange County, California",1482,110228,06,059,2012
"Sutter County, California",869,3003,06,101,2012
"San Joaquin County, California",1021,25720,06,077,2012
"San Diego County, California",1282,132580,06,073,2012
"Tulare County, California",805,14061,06,107,2012
"Yolo County, California",1085,10108,06,113,2012
"Humboldt County, California",869,7935,06,023,2012
"Nevada County, California",1135,3171,06,057,2012
"Alpine County, California",755,10,06,003,2012
"Madera County, California",888,3587,06,039,2012
"Mendocino County, California",954,4318,06,045,2012
"Santa Cruz County, California",1380,11031,06,087,2012
"Trinity County, California",741,308,06,105,2012
"Los Angeles County, California",1187,511154,06,037,2012
"Riverside County, California",1163,66583,06,065,2012
"San Bernardino County, California",1099,66563,06,071,2012
"Santa Clara County, California",1508,57300,06,085,2012
"Marin County, California",1598,10591,06,041,2012
"Placer County, California",1220,9600,06,061,2012
"Siskiyou County, California",792,1958,06,093,2012
"Shasta County, California",916,7285,06,089,2012
"Solano County, California",1249,14572,06,095,2012
"Del Norte County, California",865,997,06,015,2012
"Glenn County, California",740,777,06,021,2012
"Lake County, California",864,3321,06,033,2012
"Modoc County, California",614,302,06,049,2012
"Inyo County, California",889,708,06,027,2012
"Santa Barbara County, California",1326,18319,06,083,2012
"Imperial County, California",725,5602,06,025,2012
"Alameda County, California",1265,65813,06,001,2012
"Napa County, California",1297,4813,06,055,2012
"San Francisco County, California",1447,47517,06,075,2012
"Colusa County, California",904,417,06,011,2012
"Kings County, California",874,4299,06,031,2012
"Fresno County, California",864,38944,06,019,2012
"San Diego County, California",1300,136066,06,073,2013
"Tulare County, California",821,15300,06,107,2013
"Yolo County, California",1082,10070,06,113,2013
"Humboldt County, California",889,7939,06,023,2013
"Nevada County, California",1217,3100,06,057,2013
"Alpine County, California",1018,21,06,003,2013
"Madera County, California",914,3548,06,039,2013
"Mendocino County, California",953,4033,06,045,2013
"Santa Cruz County, California",1385,11813,06,087,2013
"Trinity County, California",758,320,06,105,2013
"Los Angeles County, California",1204,526210,06,037,2013
"Riverside County, California",1168,68836,06,065,2013
"San Bernardino County, California",1102,68642,06,071,2013
"Santa Clara County, California",1566,60657,06,085,2013
"Marin County, California",1628,10539,06,041,2013
"Placer County, California",1242,9967,06,061,2013
"Siskiyou County, California",802,2237,06,093,2013
"Shasta County, California",919,7417,06,089,2013
"Solano County, California",1264,15867,06,095,2013
"Del Norte County, California",914,1078,06,015,2013
"Glenn County, California",720,767,06,021,2013
"Butte County, California",890,10496,06,007,2013
"Plumas County, California",799,594,06,063,2013
"San Luis Obispo County, California",1211,12786,06,079,2013
"Kern County, California",885,29338,06,029,2013
"Ventura County, California",1470,26175,06,111,2013
"Calaveras County, California",1061,846,06,009,2013
"San Mateo County, California",1602,24231,06,081,2013
"Tuolumne County, California",919,2018,06,109,2013
"Amador County, California",1006,907,06,005,2013
"Merced County, California",860,9325,06,047,2013
"Mariposa County, California",866,401,06,043,2013
"Yuba County, California",863,2479,06,115,2013
"Contra Costa County, California",1365,34291,06,013,2013
"Lassen County, California",867,947,06,035,2013
"Stanislaus County, California",992,21337,06,099,2013
"Sonoma County, California",1265,20140,06,097,2013
"Tehama County, California",821,1709,06,103,2013
"Mono County, California",1118,365,06,051,2013
"San Benito County, California",1233,1746,06,069,2013
"Sacramento County, California",1024,63678,06,067,2013
"El Dorado County, California",1090,4309,06,017,2013
"Monterey County, California",1209,16432,06,053,2013
"Sierra County, California",1040,63,06,091,2013
"Santa Barbara County, California",1340,19274,06,083,2013
"Imperial County, California",744,5732,06,025,2013
"Alameda County, California",1289,66698,06,001,2013
"Napa County, California",1350,4879,06,055,2013
"San Francisco County, California",1488,47839,06,075,2013
"Colusa County, California",923,437,06,011,2013
"Kings County, California",871,4534,06,031,2013
"Fresno County, California",875,39831,06,019,2013
"Orange County, California",1498,115275,06,059,2013
"Sutter County, California",889,3163,06,101,2013
"San Joaquin County, California",1026,26557,06,077,2013
"Lake County, California",900,3597,06,033,2013
"Modoc County, California",633,324,06,049,2013
"Inyo County, California",829,553,06,027,2013
"Lake County, California",921,3500,06,033,2014
"Modoc County, California",671,320,06,049,2014
"Inyo County, California",835,615,06,027,2014
"Santa Barbara County, California",1357,19869,06,083,2014
"Imperial County, California",772,5894,06,025,2014
"Alameda County, California",1325,68123,06,001,2014
"Napa County, California",1376,4977,06,055,2014
"San Francisco County, California",1533,47690,06,075,2014
"Colusa County, California",864,456,06,011,2014
"Kings County, California",875,4677,06,031,2014
"Fresno County, California",884,41782,06,019,2014
"Orange County, California",1522,119988,06,059,2014
"Sutter County, California",898,2947,06,101,2014
"San Joaquin County, California",1033,27425,06,077,2014
"Merced County, California",870,9394,06,047,2014
"Mariposa County, California",838,419,06,043,2014
"Yuba County, California",884,2628,06,115,2014
"Contra Costa County, California",1395,35574,06,013,2014
"Lassen County, California",901,878,06,035,2014
"Stanislaus County, California",993,21820,06,099,2014
"Sonoma County, California",1302,21228,06,097,2014
"Tehama County, California",833,1621,06,103,2014
"Mono County, California",1061,326,06,051,2014
"San Benito County, California",1265,1762,06,069,2014
"Sierra County, California",1010,71,06,091,2014
"Sacramento County, California",1035,65301,06,067,2014
"El Dorado County, California",1073,4431,06,017,2014
"Monterey County, California",1228,16616,06,053,2014
"San Diego County, California",1328,137411,06,073,2014
"Tulare County, California",826,15164,06,107,2014
"Yolo County, California",1096,10658,06,113,2014
"Humboldt County, California",899,7620,06,023,2014
"Nevada County, California",1190,3163,06,057,2014
"Alpine County, California",775,17,06,003,2014
"Madera County, California",937,3766,06,039,2014
"Los Angeles County, California",1221,539387,06,037,2014
"Mendocino County, California",972,4274,06,045,2014
"Santa Cruz County, California",1427,12556,06,087,2014
"Trinity County, California",802,357,06,105,2014
"Riverside County, California",1182,71092,06,065,2014
"San Bernardino County, California",1113,71185,06,071,2014
"Santa Clara County, California",1637,62342,06,085,2014
"Marin County, California",1659,10847,06,041,2014
"Placer County, California",1277,10370,06,061,2014
"Siskiyou County, California",799,2146,06,093,2014
"Shasta County, California",932,7709,06,089,2014
"Solano County, California",1290,15990,06,095,2014
"Del Norte County, California",843,1100,06,015,2014
"Glenn County, California",716,747,06,021,2014
"Butte County, California",899,10802,06,007,2014
"Plumas County, California",824,558,06,063,2014
"San Luis Obispo County, California",1226,12746,06,079,2014
"Kern County, California",887,30520,06,029,2014
"Ventura County, California",1494,26252,06,111,2014
"Calaveras County, California",1072,774,06,009,2014
"San Mateo County, California",1664,24348,06,081,2014
"Tuolumne County, California",924,1951,06,109,2014
"Amador County, California",1029,975,06,005,2014
"Merced County, California",873,9641,06,047,2015
"Mariposa County, California",812,430,06,043,2015
"Yuba County, California",885,2693,06,115,2015
"Contra Costa County, California",1426,35776,06,013,2015
"Lassen County, California",882,839,06,035,2015
"Stanislaus County, California",989,21266,06,099,2015
"Sonoma County, California",1320,20937,06,097,2015
"Tehama County, California",782,1839,06,103,2015
"Mono County, California",1068,187,06,051,2015
"San Benito County, California",1353,1489,06,069,2015
"Sacramento County, California",1036,65068,06,067,2015
"El Dorado County, California",1054,4188,06,017,2015
"Monterey County, California",1236,16244,06,053,2015
"Sierra County, California",938,52,06,091,2015
"San Diego County, California",1344,139017,06,073,2015
"Tulare County, California",830,15517,06,107,2015
"Yolo County, California",1102,10628,06,113,2015
"Humboldt County, California",892,7655,06,023,2015
"Nevada County, California",1191,3159,06,057,2015
"Alpine County, California",913,16,06,003,2015
"Madera County, California",926,3621,06,039,2015
"Mendocino County, California",960,4478,06,045,2015
"Santa Cruz County, California",1441,12848,06,087,2015
"Trinity County, California",786,385,06,105,2015
"Los Angeles County, California",1231,544843,06,037,2015
"Riverside County, California",1179,72674,06,065,2015
"San Bernardino County, California",1116,74686,06,071,2015
"Santa Clara County, California",1705,62962,06,085,2015
"Marin County, California",1678,10606,06,041,2015
"Placer County, California",1303,10526,06,061,2015
"Siskiyou County, California",806,2045,06,093,2015
"Shasta County, California",926,7547,06,089,2015
"Solano County, California",1294,16383,06,095,2015
"Del Norte County, California",808,1098,06,015,2015
"Glenn County, California",725,863,06,021,2015
"Butte County, California",905,11276,06,007,2015
"Plumas County, California",836,581,06,063,2015
"San Luis Obispo County, California",1235,12946,06,079,2015
"Kern County, California",888,30205,06,029,2015
"Ventura County, California",1507,26756,06,111,2015
"Calaveras County, California",1038,944,06,009,2015
"San Mateo County, California",1728,25719,06,081,2015
"Tuolumne County, California",917,1695,06,109,2015
"Amador County, California",1047,1036,06,005,2015
"Lake County, California",891,3300,06,033,2015
"Modoc County, California",653,306,06,049,2015
"Inyo County, California",844,554,06,027,2015
"Santa Barbara County, California",1369,19625,06,083,2015
"Imperial County, California",766,5981,06,025,2015
"Alameda County, California",1367,67493,06,001,2015
"Napa County, California",1405,4710,06,055,2015
"San Francisco County, California",1558,46778,06,075,2015
"Colusa County, California",869,506,06,011,2015
"Kings County, California",881,4586,06,031,2015
"Fresno County, California",886,41715,06,019,2015
"Orange County, California",1548,121416,06,059,2015
"Sutter County, California",906,3030,06,101,2015
"San Joaquin County, California",1024,27525,06,077,2015
"San Diego County, California",1395,141431,06,073,2016
"Tulare County, California",847,15363,06,107,2016
"Yolo County, California",1147,10330,06,113,2016
"Humboldt County, California",899,7455,06,023,2016
"Nevada County, California",1205,2847,06,057,2016
"Alpine County, California",1109,12,06,003,2016
"Madera County, California",963,3824,06,039,2016
"Mendocino County, California",975,4794,06,045,2016
"Santa Cruz County, California",1482,12739,06,087,2016
"Trinity County, California",750,464,06,105,2016
"Los Angeles County, California",1264,544541,06,037,2016
"Riverside County, California",1212,73634,06,065,2016
"San Bernardino County, California",1144,75140,06,071,2016
"Santa Clara County, California",1813,62139,06,085,2016
"Marin County, California",1764,10061,06,041,2016
"Placer County, California",1339,10326,06,061,2016
"Siskiyou County, California",828,2030,06,093,2016
"Shasta County, California",945,7457,06,089,2016
"Solano County, California",1337,16448,06,095,2016
"Del Norte County, California",818,960,06,015,2016
"Glenn County, California",750,1004,06,021,2016
"Butte County, California",936,11534,06,007,2016
"Plumas County, California",846,548,06,063,2016
"San Luis Obispo County, California",1257,11940,06,079,2016
"Kern County, California",905,30411,06,029,2016
"Ventura County, California",1572,26718,06,111,2016
"Calaveras County, California",1120,984,06,009,2016
"San Mateo County, California",1830,25688,06,081,2016
"Tuolumne County, California",936,1738,06,109,2016
"Amador County, California",1061,1025,06,005,2016
"Lake County, California",882,3031,06,033,2016
"Modoc County, California",681,218,06,049,2016
"Inyo County, California",829,513,06,027,2016
"Santa Barbara County, California",1423,19726,06,083,2016
"Imperial County, California",778,5571,06,025,2016
"Alameda County, California",1432,66689,06,001,2016
"Napa County, California",1442,4069,06,055,2016
"San Francisco County, California",1632,45811,06,075,2016
"Colusa County, California",896,432,06,011,2016
"Kings County, California",889,4851,06,031,2016
"Fresno County, California",901,43529,06,019,2016
"Orange County, California",1608,122448,06,059,2016
"Sutter County, California",941,3001,06,101,2016
"San Joaquin County, California",1057,27776,06,077,2016
"Merced County, California",882,9343,06,047,2016
"Mariposa County, California",820,527,06,043,2016
"Yuba County, California",918,2605,06,115,2016
"Contra Costa County, California",1506,34912,06,013,2016
"Lassen County, California",919,786,06,035,2016
"Stanislaus County, California",1005,20701,06,099,2016
"Sonoma County, California",1380,20854,06,097,2016
"Tehama County, California",781,1906,06,103,2016
"Mono County, California",1107,189,06,051,2016
"San Benito County, California",1316,1465,06,069,2016
"Sacramento County, California",1065,65289,06,067,2016
"El Dorado County, California",1105,4040,06,017,2016
"Monterey County, California",1275,15523,06,053,2016
"Sierra County, California",961,33,06,091,2016
"Merced County, California",934,9169,06,047,2017
"Lake County, California",914,2541,06,033,2017
"Mariposa County, California",869,610,06,043,2017
"Modoc County, California",739,227,06,049,2017
"Yuba County, California",923,2608,06,115,2017
"Contra Costa County, California",1600,33841,06,013,2017
"Inyo County, California",875,519,06,027,2017
"Lassen County, California",942,730,06,035,2017
"Stanislaus County, California",1049,19857,06,099,2017
"Santa Barbara County, California",1496,19661,06,083,2017
"Sonoma County, California",1456,20245,06,097,2017
"Tehama County, California",812,2149,06,103,2017
"Imperial County, California",805,5083,06,025,2017
"Mono County, California",1103,165,06,051,2017
"San Benito County, California",1369,1293,06,069,2017
"Alameda County, California",1547,64388,06,001,2017
"Sacramento County, California",1122,63993,06,067,2017
"El Dorado County, California",1122,3612,06,017,2017
"Napa County, California",1541,4150,06,055,2017
"Monterey County, California",1338,15026,06,053,2017
"San Francisco County, California",1709,42638,06,075,2017
"Sierra County, California",919,62,06,091,2017
"Tulare County, California",877,15351,06,107,2017
"Yolo County, California",1204,10318,06,113,2017
"Humboldt County, California",914,7011,06,023,2017
"Nevada County, California",1217,2785,06,057,2017
"Alpine County, California",1083,13,06,003,2017
"Madera County, California",980,3918,06,039,2017
"Mendocino County, California",1048,4141,06,045,2017
"Santa Cruz County, California",1552,12812,06,087,2017
"Trinity County, California",803,495,06,105,2017
"Los Angeles County, California",1322,536832,06,037,2017
"Riverside County, California",1251,72978,06,065,2017
"San Bernardino County, California",1182,72911,06,071,2017
"Santa Clara County, California",1955,60818,06,085,2017
"Marin County, California",1863,9802,06,041,2017
"Placer County, California",1398,9847,06,061,2017
"Siskiyou County, California",829,1822,06,093,2017
"Shasta County, California",966,7776,06,089,2017
"Solano County, California",1407,15805,06,095,2017
"Del Norte County, California",826,911,06,015,2017
"Colusa County, California",896,525,06,011,2017
"Glenn County, California",775,1057,06,021,2017
"Butte County, California",970,11331,06,007,2017
"Kings County, California",918,4528,06,031,2017
"Plumas County, California",840,617,06,063,2017
"San Luis Obispo County, California",1326,11591,06,079,2017
"Fresno County, California",931,42289,06,019,2017
"Kern County, California",933,29781,06,029,2017
"Orange County, California",1693,121986,06,059,2017
"Ventura County, California",1643,26328,06,111,2017
"Calaveras County, California",1195,1075,06,009,2017
"Sutter County, California",980,2860,06,101,2017
"San Mateo County, California",1973,25403,06,081,2017
"Tuolumne County, California",961,1620,06,109,2017
"San Joaquin County, California",1100,26855,06,077,2017
"Amador County, California",1056,932,06,005,2017
"San Diego County, California",1467,141837,06,073,2017
"Lake County, California",968,2311,06,033,2018
"Merced County, California",973,8676,06,047,2018
"Mariposa County, California",799,636,06,043,2018
"Modoc County, California",705,160,06,049,2018
"Contra Costa County, California",1702,34047,06,013,2018
"Inyo County, California",891,544,06,027,2018
"Stanislaus County, California",1099,19132,06,099,2018
"Santa Barbara County, California",1576,19467,06,083,2018
"Mono County, California",1125,164,06,051,2018
"San Benito County, California",1477,1289,06,069,2018
"Sacramento County, California",1184,63634,06,067,2018
"El Dorado County, California",1200,3674,06,017,2018
"Monterey County, California",1401,14834,06,053,2018
"San Francisco County, California",1805,40916,06,075,2018
"San Diego County, California",1569,144189,06,073,2018
"Tulare County, California",904,15107,06,107,2018
"Humboldt County, California",947,7140,06,023,2018
"Alpine County, California",540,4,06,003,2018
"Madera County, California",986,3761,06,039,2018
"Santa Cruz County, California",1647,12210,06,087,2018
"Trinity County, California",815,463,06,105,2018
"Riverside County, California",1311,71358,06,065,2018
"San Bernardino County, California",1230,73173,06,071,2018
"Marin County, California",1970,9943,06,041,2018
"Placer County, California",1463,9550,06,061,2018
"Shasta County, California",1000,7509,06,089,2018
"Solano County, California",1498,15133,06,095,2018
"Colusa County, California",877,527,06,011,2018
"Tehama County, California",839,2198,06,103,2018
"Yuba County, California",951,2504,06,115,2018
"Lassen County, California",945,716,06,035,2018
"Sonoma County, California",1549,19621,06,097,2018
"Imperial County, California",818,4904,06,025,2018
"Alameda County, California",1674,62990,06,001,2018
"Napa County, California",1621,4246,06,055,2018
"Sierra County, California",888,64,06,091,2018
"Yolo County, California",1266,10890,06,113,2018
"Nevada County, California",1222,2966,06,057,2018
"Mendocino County, California",1100,4000,06,045,2018
"Los Angeles County, California",1390,528626,06,037,2018
"Santa Clara County, California",2126,59812,06,085,2018
"Siskiyou County, California",836,1645,06,093,2018
"Del Norte County, California",862,912,06,015,2018
"Glenn County, California",788,1031,06,021,2018
"Butte County, California",1016,11183,06,007,2018
"Kings County, California",971,4321,06,031,2018
"Plumas County, California",868,510,06,063,2018
"San Luis Obispo County, California",1385,10865,06,079,2018
"Fresno County, California",967,42103,06,019,2018
"Kern County, California",956,29065,06,029,2018
"Orange County, California",1777,121332,06,059,2018
"Ventura County, California",1705,26642,06,111,2018
"Calaveras County, California",1286,1159,06,009,2018
"Sutter County, California",986,2566,06,101,2018
"San Mateo County, California",2158,25314,06,081,2018
"Tuolumne County, California",970,1534,06,109,2018
"San Joaquin County, California",1159,26182,06,077,2018
"Amador County, California",1056,814,06,005,2018
"Merced County, California",1021,8589,06,047,2019
"Mariposa County, California",929,702,06,043,2019
"Modoc County, California",717,197,06,049,2019
"Contra Costa County, California",1819,33415,06,013,2019
"Inyo County, California",919,383,06,027,2019
"Stanislaus County, California",1155,18537,06,099,2019
"Santa Barbara County, California",1643,19195,06,083,2019
"Tehama County, California",872,2277,06,103,2019
"Mono County, California",1206,180,06,051,2019
"San Benito County, California",1535,1244,06,069,2019
"Sacramento County, California",1252,63173,06,067,2019
"El Dorado County, California",1260,4319,06,017,2019
"Monterey County, California",1495,15003,06,053,2019
"San Francisco County, California",1895,38741,06,075,2019
"San Diego County, California",1658,144790,06,073,2019
"Tulare County, California",942,15548,06,107,2019
"Humboldt County, California",981,7508,06,023,2019
"Alpine County, California",538,7,06,003,2019
"Madera County, California",1014,3492,06,039,2019
"Santa Cruz County, California",1717,11748,06,087,2019
"Trinity County, California",799,418,06,105,2019
"Riverside County, California",1375,69883,06,065,2019
"San Bernardino County, California",1283,70895,06,071,2019
"Marin County, California",2069,9374,06,041,2019
"Placer County, California",1542,9468,06,061,2019
"Shasta County, California",1039,7040,06,089,2019
"Solano County, California",1592,14592,06,095,2019
"Colusa County, California",889,480,06,011,2019
"Glenn County, California",835,995,06,021,2019
"Butte County, California",1060,10458,06,007,2019
"Kings County, California",990,4022,06,031,2019
"Plumas County, California",916,568,06,063,2019
"San Luis Obispo County, California",1476,10652,06,079,2019
"Fresno County, California",998,40855,06,019,2019
"Kern County, California",978,28816,06,029,2019
"Orange County, California",1854,120166,06,059,2019
"Ventura County, California",1776,26580,06,111,2019
"Calaveras County, California",1339,1010,06,009,2019
"Sutter County, California",1033,2578,06,101,2019
"San Mateo County, California",2316,25263,06,081,2019
"Tuolumne County, California",1009,1510,06,109,2019
"San Joaquin County, California",1208,25407,06,077,2019
"Amador County, California",1103,816,06,005,2019
"Lake County, California",978,1949,06,033,2019
"Yuba County, California",1002,2371,06,115,2019
"Lassen County, California",956,639,06,035,2019
"Sonoma County, California",1621,18145,06,097,2019
"Imperial County, California",830,4804,06,025,2019
"Alameda County, California",1797,63047,06,001,2019
"Napa County, California",1700,4046,06,055,2019
"Sierra County, California",972,101,06,091,2019
"Yolo County, California",1324,10609,06,113,2019
"Nevada County, California",1273,3109,06,057,2019
"Mendocino County, California",1146,3696,06,045,2019
"Los Angeles County, California",1460,521881,06,037,2019
"Santa Clara County, California",2268,60222,06,085,2019
"Siskiyou County, California",856,1558,06,093,2019
"Del Norte County, California",878,858,06,015,2019
"Alameda County, California",1904,61644,06,001,2020
"Alpine County, California",639,7,06,003,2020
"Butte County, California",1087,9763,06,007,2020
"Colusa County, California",918,386,06,011,2020
"Contra Costa County, California",1928,32430,06,013,2020
"El Dorado County, California",1320,4337,06,017,2020
"Fresno County, California",1029,38851,06,019,2020
"Humboldt County, California",1002,7517,06,023,2020
"Imperial County, California",847,5061,06,025,2020
"Kern County, California",994,28056,06,029,2020
"Kings County, California",1030,3866,06,031,2020
"Lassen County, California",928,559,06,035,2020
"Madera County, California",1068,3308,06,039,2020
"Marin County, California",2170,9179,06,041,2020
"Mariposa County, California",1010,644,06,043,2020
"Mendocino County, California",1134,3455,06,045,2020
"Merced County, California",1054,7885,06,047,2020
"Modoc County, California",757,165,06,049,2020
"Monterey County, California",1600,14910,06,053,2020
"Napa County, California",1775,3991,06,055,2020
"Nevada County, California",1315,3056,06,057,2020
"Orange County, California",1928,120854,06,059,2020
"Placer County, California",1616,9054,06,061,2020
"Plumas County, California",944,523,06,063,2020
"Riverside County, California",1447,66750,06,065,2020
"Sacramento County, California",1333,59990,06,067,2020
"San Benito County, California",1533,1276,06,069,2020
"San Bernardino County, California",1338,70011,06,071,2020
"San Diego County, California",1732,144425,06,073,2020
"San Francisco County, California",2010,38203,06,075,2020
"San Joaquin County, California",1286,23787,06,077,2020
"San Luis Obispo County, California",1535,10209,06,079,2020
"San Mateo County, California",2435,25442,06,081,2020
"Santa Clara County, California",2386,56827,06,085,2020
"Santa Cruz County, California",1843,11043,06,087,2020
"Sierra County, California",1032,64,06,091,2020
"Solano County, California",1684,14059,06,095,2020
"Sonoma County, California",1743,18077,06,097,2020
"Sutter County, California",1095,2444,06,101,2020
"Tehama County, California",972,2287,06,103,2020
"Tulare County, California",974,14522,06,107,2020
"Tuolumne County, California",1025,1593,06,109,2020
"Yolo County, California",1369,10209,06,113,2020
"Yuba County, California",1015,2142,06,115,2020
"Mono County, California",1248,140,06,051,2020
"Amador County, California",1057,674,06,005,2020
"Calaveras County, California",1354,1007,06,009,2020
"Del Norte County, California",946,901,06,015,2020
"Glenn County, California",810,1030,06,021,2020
"Inyo County, California",938,393,06,027,2020
"Lake County, California",1028,2011,06,033,2020
"Los Angeles County, California",1534,517399,06,037,2020
"Santa Barbara County, California",1697,18344,06,083,2020
"Shasta County, California",1075,6637,06,089,2020
"Siskiyou County, California",878,1606,06,093,2020
"Stanislaus County, California",1210,18228,06,099,2020
"Trinity County, California",813,466,06,105,2020
"Ventura County, California",1854,26631,06,111,2020
"Alameda County, California",2043,62474,06,001,2021
"Alpine County, California",-666666666,6,06,003,2021
"Amador County, California",1126,493,06,005,2021
"Butte County, California",1172,9826,06,007,2021
"Calaveras County, California",1430,911,06,009,2021
"Colusa County, California",974,466,06,011,2021
"Contra Costa County, California",2061,33251,06,013,2021
"Del Norte County, California",999,926,06,015,2021
"El Dorado County, California",1409,4468,06,017,2021
"Fresno County, California",1098,37700,06,019,2021
"Glenn County, California",954,963,06,021,2021
"Humboldt County, California",1079,7440,06,023,2021
"Imperial County, California",892,4923,06,025,2021
"Inyo County, California",988,383,06,027,2021
"Kern County, California",1063,27787,06,029,2021
"Kings County, California",1098,3728,06,031,2021
"Lake County, California",1116,1901,06,033,2021
"Lassen County, California",969,502,06,035,2021
"Los Angeles County, California",1653,519145,06,037,2021
"Madera County, California",1120,3397,06,039,2021
"Marin County, California",2307,9187,06,041,2021
"Mariposa County, California",1058,576,06,043,2021
"Mendocino County, California",1176,3182,06,045,2021
"Merced County, California",1125,8277,06,047,2021
"Modoc County, California",748,178,06,049,2021
"Mono County, California",1228,77,06,051,2021
"Monterey County, California",1718,15706,06,053,2021
"Napa County, California",1880,4135,06,055,2021
"Nevada County, California",1380,3194,06,057,2021
"Orange County, California",2057,124554,06,059,2021
"Placer County, California",1734,9307,06,061,2021
"Plumas County, California",1031,491,06,063,2021
"Riverside County, California",1552,66148,06,065,2021
"Sacramento County, California",1434,60775,06,067,2021
"San Benito County, California",1703,1310,06,069,2021
"San Bernardino County, California",1427,71083,06,071,2021
"San Diego County, California",1842,145976,06,073,2021
"San Francisco County, California",2130,38224,06,075,2021
"San Joaquin County, California",1387,22683,06,077,2021
"San Luis Obispo County, California",1654,10899,06,079,2021
"San Mateo County, California",2599,26280,06,081,2021
"Santa Barbara County, California",1810,18522,06,083,2021
"Santa Clara County, California",2530,57558,06,085,2021
"Santa Cruz County, California",1925,10423,06,087,2021
"Shasta County, California",1140,6464,06,089,2021
"Sierra County, California",978,35,06,091,2021
"Siskiyou County, California",893,1528,06,093,2021
"Solano County, California",1802,14502,06,095,2021
"Sonoma County, California",1856,18239,06,097,2021
"Stanislaus County, California",1315,17926,06,099,2021
"Sutter County, California",1167,2413,06,101,2021
"Tehama County, California",1028,2057,06,103,2021
"Trinity County, California",869,263,06,105,2021
"Tulare County, California",1037,14450,06,107,2021
"Tuolumne County, California",1105,1601,06,109,2021
"Ventura County, California",1976,27005,06,111,2021
"Yolo County, California",1475,10548,06,113,2021
"Yuba County, California",1060,2295,06,115,2021
"Alameda County, California",2229,64479,06,001,2022
"Alpine County, California",-666666666,9,06,003,2022
"Amador County, California",1257,465,06,005,2022
"Butte County, California",1280,9811,06,007,2022
"Calaveras County, California",1621,696,06,009,2022
"Colusa County, California",1061,404,06,011,2022
"Contra Costa County, California",2234,33852,06,013,2022
"Del Norte County, California",1146,883,06,015,2022
"El Dorado County, California",1597,4811,06,017,2022
"Fresno County, California",1207,38249,06,019,2022
"Glenn County, California",978,768,06,021,2022
"Humboldt County, California",1191,7453,06,023,2022
"Imperial County, California",961,5146,06,025,2022
"Inyo County, California",1131,400,06,027,2022
"Kern County, California",1161,29157,06,029,2022
"Kings County, California",1201,3936,06,031,2022
"Lake County, California",1206,1966,06,033,2022
"Lassen County, California",1038,639,06,035,2022
"Los Angeles County, California",1805,526945,06,037,2022
"Madera County, California",1185,3574,06,039,2022
"Marin County, California",2487,9305,06,041,2022
"Mariposa County, California",1134,393,06,043,2022
"Mendocino County, California",1240,3113,06,045,2022
"Merced County, California",1200,8142,06,047,2022
"Modoc County, California",796,178,06,049,2022
"Mono County, California",1259,150,06,051,2022
"Monterey County, California",1873,15497,06,053,2022
"Napa County, California",2037,4101,06,055,2022
"Nevada County, California",1487,3294,06,057,2022
"Orange County, California",2248,128866,06,059,2022
"Placer County, California",1874,10264,06,061,2022
"Plumas County, California",1102,442,06,063,2022
"Riverside County, California",1711,64727,06,065,2022
"Sacramento County, California",1599,61279,06,067,2022
"San Benito County, California",1830,1401,06,069,2022
"San Bernardino County, California",1584,72807,06,071,2022
"San Diego County, California",2011,148226,06,073,2022
"San Francisco County, California",2316,38401,06,075,2022
"San Joaquin County, California",1542,22463,06,077,2022
"San Luis Obispo County, California",1800,11181,06,079,2022
"San Mateo County, California",2805,26396,06,081,2022
"Santa Barbara County, California",1964,19113,06,083,2022
"Santa Clara County, California",2719,58096,06,085,2022
"Santa Cruz County, California",2094,10733,06,087,2022
"Shasta County, California",1232,5978,06,089,2022
"Sierra County, California",1184,10,06,091,2022
"Siskiyou County, California",984,1536,06,093,2022
"Solano County, California",1981,14786,06,095,2022
"Sonoma County, California",2029,18407,06,097,2022
"Stanislaus County, California",1433,18004,06,099,2022
"Sutter County, California",1289,2600,06,101,2022
"Tehama County, California",1119,1809,06,103,2022
"Trinity County, California",928,198,06,105,2022
"Tulare County, California",1137,13911,06,107,2022
"Tuolumne County, California",1129,1638,06,109,2022
"Ventura County, California",2140,27435,06,111,2022
"Yolo County, California",1655,11115,06,113,2022
"Yuba County, California",1137,2262,06,115,2022
"Alameda County, California",2318,66123,06,001,2023
"Alpine County, California",-666666666,4,06,003,2023
"Amador County, California",1380,485,06,005,2023
"Butte County, California",1369,10269,06,007,2023
"Calaveras County, California",1615,668,06,009,2023
"Colusa County, California",1139,512,06,011,2023
"Contra Costa County, California",2322,34208,06,013,2023
"Del Norte County, California",1182,825,06,015,2023
"El Dorado County, California",1626,4793,06,017,2023
"Fresno County, California",1300,39463,06,019,2023
"Glenn County, California",1103,686,06,021,2023
"Humboldt County, California",1249,7169,06,023,2023
"Imperial County, California",1012,5409,06,025,2023
"Inyo County, California",1140,279,06,027,2023
"Kern County, California",1220,29487,06,029,2023
"Kings County, California",1228,4514,06,031,2023
"Lake County, California",1292,1868,06,033,2023
"Lassen County, California",1043,563,06,035,2023
"Los Angeles County, California",1893,534394,06,037,2023
"Madera County, California",1307,3912,06,039,2023
"Marin County, California",2584,10370,06,041,2023
"Mariposa County, California",1268,416,06,043,2023
"Mendocino County, California",1325,3004,06,045,2023
"Merced County, California",1284,9166,06,047,2023
"Modoc County, California",818,162,06,049,2023
"Mono County, California",1593,322,06,051,2023
"Monterey County, California",1995,15891,06,053,2023
"Napa County, California",2141,4127,06,055,2023
"Nevada County, California",1635,3233,06,057,2023
"Orange County, California",2352,131017,06,059,2023
"Placer County, California",1991,10568,06,061,2023
"Plumas County, California",1034,327,06,063,2023
"Riverside County, California",1814,64994,06,065,2023
"Sacramento County, California",1702,62427,06,067,2023
"San Benito County, California",1922,1456,06,069,2023
"San Bernardino County, California",1706,74256,06,071,2023
"San Diego County, California",2154,148483,06,073,2023
"San Francisco County, California",2419,39357,06,075,2023
"San Joaquin County, California",1633,21822,06,077,2023
"San Luis Obispo County, California",1899,11977,06,079,2023
"San Mateo County, California",2893,26740,06,081,2023
"Santa Barbara County, California",2050,19880,06,083,2023
"Santa Clara County, California",2814,59262,06,085,2023
"Santa Cruz County, California",2172,10673,06,087,2023
"Shasta County, California",1267,5711,06,089,2023
"Sierra County, California",1181,12,06,091,2023
"Siskiyou County, California",1043,1580,06,093,2023
"Solano County, California",2088,15690,06,095,2023
"Sonoma County, California",2093,17587,06,097,2023
"Stanislaus County, California",1528,17784,06,099,2023
"Sutter County, California",1364,2752,06,101,2023
"Tehama County, California",1159,1754,06,103,2023
"Trinity County, California",922,234,06,105,2023
"Tulare County, California",1206,13864,06,107,2023
"Tuolumne County, California",1247,1606,06,109,2023
"Ventura County, California",2248,27709,06,111,2023
"Yolo County, California",1757,10329,06,113,2023
"Yuba County, California",1209,2112,06,115,2023
